{
  "video": "shooting.mp4",
  "block_id": 0,
  "range_saved_idx": [
    0,
    5
  ],
  "ts": "2026-02-04T04:35:29.444616+00:00",
  "latency_ms": 11830,
  "gemma_timings": {
    "prep_ms": 119,
    "generate_wall_ms": 11830,
    "generate_cuda_ms": 11829,
    "decode_ms": 0,
    "new_tokens": 148,
    "tokens_per_sec": 12.510566356720203,
    "max_new_tokens": 300,
    "temperature": 0.7,
    "do_sample": true
  },
  "raw_vlm_output": "Summary=A person is walking towards a doorway, then appears to enter a building. The person is seen walking away from the building shortly after.\nChain=Person walks to doorway, enters building, exits building.\nCategory=Normal; Incident Type=1; Transient Level=0;\nConfidence=95%;\nActive=No; IncidentID=INC-001; Status=Stable;\nP-POI=person; S-POI=None; O-POI=doorway, building;\nEntities=person;\nObjects=doorway, building;\nPrediction=Person will continue walking;\nVerificationAction=N/A;\nNote on uncertainties=Unclear if the person was carrying anything.",
  "summary": {
    "Summary": "A person is walking towards a doorway, then appears to enter a building. The person is seen walking away from the building shortly after.\nChain=Person walks to doorway, enters building, exits building.\nCategory=Normal",
    "Incident Type": "1",
    "Transient Level": "0",
    "Confidence": "95%",
    "Active": "No",
    "IncidentID": "INC-001",
    "Status": "Stable",
    "P-POI": "person",
    "S-POI": "None",
    "O-POI": "doorway, building",
    "Entities": "person",
    "Objects": "doorway, building",
    "Prediction": "Person will continue walking",
    "VerificationAction": "N/A",
    "Note on uncertainties": "Unclear if the person was carrying anything."
  }
}