{
  "video": "shooting.mp4",
  "block_id": 20,
  "range_saved_idx": [
    120,
    125
  ],
  "ts": "2026-02-04T04:41:30.927879+00:00",
  "latency_ms": 19921,
  "gemma_timings": {
    "prep_ms": 69,
    "generate_wall_ms": 19921,
    "generate_cuda_ms": 19921,
    "decode_ms": 0,
    "new_tokens": 265,
    "tokens_per_sec": 13.30254505295919,
    "max_new_tokens": 300,
    "temperature": 0.7,
    "do_sample": true
  },
  "raw_vlm_output": "```json\n{\"Summary\": \"A person in a red shirt and jeans is aggressively confronting another person in a black and white striped shirt near a doorway. The person in the red shirt appears to be physically assaulting the other individual. Several people are seated in the waiting area, observing the altercation. The confrontation continues with the person in red shirt pushing the person in the striped shirt towards the doorway.\", \"Chain\": \"Person confronts another person, physical altercation occurs, people observe, altercation escalates.\", \"Category\": \"Security\", \"Incident Type\": \"2\", \"Transient Level\": \"1\", \"Confidence\": \"95%\", \"Active\": \"Yes\", \"IncidentID\": \"INC-002\", \"Status\": \"Active\", \"P-POI\": \"person in red shirt, person in black and white striped shirt\", \"S-POI\": \"None\", \"O-POI\": \"doorway, waiting area, chairs\", \"Entities\": \"person in red shirt, person in black and white striped shirt, person observing\", \"Objects\": \"doorway, waiting area, chairs\", \"Prediction\": \"Physical altercation will continue\", \"VerificationAction\": \"Review security footage for further details\", \"Note on uncertainties\": \"The exact nature of the confrontation is unclear from the image.\"}\n```",
  "summary": {
    "Summary": "A person in a red shirt and jeans is aggressively confronting another person in a black and white striped shirt near a doorway. The person in the red shirt appears to be physically assaulting the other individual. Several people are seated in the waiting area, observing the altercation. The confrontation continues with the person in red shirt pushing the person in the striped shirt towards the doorway.",
    "Chain": "Person confronts another person, physical altercation occurs, people observe, altercation escalates.",
    "Category": "Security",
    "Incident Type": "2",
    "Transient Level": "1",
    "Confidence": "95%",
    "Active": "Yes",
    "IncidentID": "INC-002",
    "Status": "Active",
    "P-POI": "person in red shirt, person in black and white striped shirt",
    "S-POI": "None",
    "O-POI": "doorway, waiting area, chairs",
    "Entities": "person in red shirt, person in black and white striped shirt, person observing",
    "Objects": "doorway, waiting area, chairs",
    "Prediction": "Physical altercation will continue",
    "VerificationAction": "Review security footage for further details",
    "Note on uncertainties": "The exact nature of the confrontation is unclear from the image."
  }
}