{
  "video": "shooting.mp4",
  "block_id": 1,
  "range_saved_idx": [
    6,
    11
  ],
  "ts": "2026-02-04T04:35:42.999236+00:00",
  "latency_ms": 13385,
  "gemma_timings": {
    "prep_ms": 128,
    "generate_wall_ms": 13385,
    "generate_cuda_ms": 13385,
    "decode_ms": 0,
    "new_tokens": 171,
    "tokens_per_sec": 12.775494957041465,
    "max_new_tokens": 300,
    "temperature": 0.7,
    "do_sample": true
  },
  "raw_vlm_output": "{\"Summary\": \"A person is walking towards a doorway, then appears to enter a building. The person is seen walking away from the building shortly after.\\nChain=Person walks to doorway, enters building, exits building.\\nCategory=Normal\", \"Incident Type\": \"1\", \"Transient Level\": \"0\", \"Confidence\": \"95%\", \"Active\": \"No\", \"IncidentID\": \"INC-001\", \"Status\": \"Stable\", \"P-POI\": \"person\", \"S-POI\": \"None\", \"O-POI\": \"doorway, building\", \"Entities\": \"person\", \"Objects\": \"doorway, building\", \"Prediction\": \"Person will continue walking\", \"VerificationAction\": \"N/A\", \"Note on uncertainties\": \"Unclear if the person was carrying anything.\"}",
  "summary": {
    "Summary": "A person is walking towards a doorway, then appears to enter a building. The person is seen walking away from the building shortly after.\nChain=Person walks to doorway, enters building, exits building.\nCategory=Normal",
    "Incident Type": "1",
    "Transient Level": "0",
    "Confidence": "95%",
    "Active": "No",
    "IncidentID": "INC-001",
    "Status": "Stable",
    "P-POI": "person",
    "S-POI": "None",
    "O-POI": "doorway, building",
    "Entities": "person",
    "Objects": "doorway, building",
    "Prediction": "Person will continue walking",
    "VerificationAction": "N/A",
    "Note on uncertainties": "Unclear if the person was carrying anything."
  }
}